{"cameraMode":{"drawMode":0,"name":"Shaded","section":"Shading Mode"},"sceneLighting":true,"audioPlay":false,"sceneViewState":{"m_AlwaysRefresh":false,"showFog":true,"showSkybox":true,"showFlares":true,"showImageEffects":true,"showParticleSystems":true,"showVisualEffectGraphs":true,"m_FxEnabled":true},"in2DMode":false,"pivot":{"x":27.980377197265626,"y":8.100320816040039,"z":-0.0050601959228515629},"rotation":{"x":-0.011999011971056462,"y":-0.010499060153961182,"z":-0.000125993974506855,"w":0.999871015548706},"size":5.7125091552734379,"orthographic":false}