{"cameraMode":{"drawMode":0,"name":"Shaded","section":"Shading Mode"},"sceneLighting":true,"audioPlay":false,"sceneViewState":{"m_AlwaysRefresh":false,"showFog":true,"showSkybox":true,"showFlares":true,"showImageEffects":true,"showParticleSystems":true,"showVisualEffectGraphs":true,"m_FxEnabled":true},"in2DMode":false,"pivot":{"x":12.929032325744629,"y":7.2482476234436039,"z":6.177595138549805},"rotation":{"x":0.02099561132490635,"y":0.01649562269449234,"z":-0.00034645796404220164,"w":0.999643862247467},"size":10.384054183959961,"orthographic":false}